المجال,اسم المتجر,الرابط
عبايات,عبايات أوڤيلا,salla.sa/abayeat-odela
عبايات,عبايات وقب,salla.sa/wqb
عبايات,متجر مايرس للعبايات,salla.sa/myrs
عبايات,عبايات سكبة,salla.sa/skbah.abaya
عبايات,متجر طرحة,salla.sa/tarhaa__
عبايات,طرحة وضحى,salla.sa/wadha1.sa
عبايات,عبايات يونا,salla.sa/yona.sa
عبايات,BYS ABYA,salla.sa/bys_store
عبايات,عبايات سدل,sadal-ksa.com
عبايات,عبايات الشامل,alshamel2.com
عبايات,متجر كوين للعبايات,salla.sa/queeenabaya
عبايات,متجر كوين اكسسوارات,queen-store.com
ساعات واكسسوارات رجالية,متجر آيكون,salla.sa/icon5071
ساعات واكسسوارات رجالية,متجر رائد,salla.sa/D3raid
ساعات واكسسوارات رجالية,هاجس,salla.sa/hajis.sa
ساعات واكسسوارات رجالية,كشخه بوتيك,salla.sa/kshkastore
ساعات واكسسوارات رجالية,متجر أشعل,salla.sa/asheil
ساعات واكسسوارات رجالية,متجر اسبار,salla.sa/asbar1
ساعات واكسسوارات رجالية,حام ستور,salla.sa/ham-store1
ساعات واكسسوارات رجالية,GH22 Store,salla.sa/gh22_store
ساعات واكسسوارات رجالية,متجر خالد,salla.sa/whatch
ساعات واكسسوارات رجالية,أولڤار,salla.sa/olvar
منوعات,متجر بلو شوب,salla.sa/blue-shop
منوعات,STYLE HOUSE,salla.sa/stylehouse1
منوعات,3T,3t.sa
منوعات,متجر بلان اي,salla.sa/plan.e
منوعات,الصاعقة,salla.sa/qimmah.el-jomlah
رياضة وملابس رجالية,متجر الجاسر للرياضة,salla.sa/aljassirsports
رياضة وملابس رجالية,R7 SPORT,salla.sa/r7_sports
رياضة وملابس رجالية,متجر رياضي,salla.sa/sportshop4
رياضة وملابس رجالية,Sport Touch,salla.sa/sport_touch1
رياضة وملابس رجالية,الرياضة العالمي,salla.sa/global-sport
رياضة وملابس رجالية,DOPE SHOP,salla.sa/asl-amalyea
رياضة وملابس رجالية,متجر الجمعة,salla.sa/qalanasuh-friday
رياضة وملابس رجالية,الصملة,salla.sa/alsamlah
رياضة وملابس رجالية,متجر شريحتك,salla.sa/fp.3_3
رياضة وملابس رجالية,Brandbox,salla.sa/brandbox-2030
منزل وديكور,كاردف هوم,cardiffksa.com
منزل وديكور,ألوان الخزف,salla.sa/alwan-alkhazaf
منزل وديكور,الحي الصيني,salla.sa/chinatown
منزل وديكور,متجر أدواتي,salla.sa/shhxbdb
منزل وديكور,YOUR LIFE,salla.sa/your-life
منزل وديكور,اناش ENASH,salla.sa/enash
منزل وديكور,4you,salla.sa/foryou-store
منزل وديكور,My Happy Home,salla.sa/mtgr-aldktwrh
منزل وديكور,متجر كيوت,salla.sa/kiut
منزل وديكور,البيت الأوربي,salla.sa/eurohome.sa
منزل وديكور,نوفا nooofa,salla.sa/nooofa
منزل وديكور,عنوان المنزل,salla.sa/mltq-alaylh
منزل وديكور,متجر الحلا,salla.sa/al7ala_store
منزل وديكور,HOYA,hoya.com
قرطاسية وهدايا,NORA ARTIST SHOP,salla.sa/norartistshop
قرطاسية وهدايا,قرطاسية القلم المبدع,salla.sa/qartasia-alqalam-almobda
قرطاسية وهدايا,AS,salla.sa/a.s_store123
قرطاسية وهدايا,قرطاسية ضاد,dhadstat.com
قرطاسية وهدايا,قرطاسية كنوز,knoozz.com
قرطاسية وهدايا,عالم الهدايا,salla.sa/giftworld
نظارات وبصريات,نظارات المشهور,salla.sa/famous6544.co
نظارات وبصريات,كارديال,cardial.sa
نظارات وبصريات,متجر كل يوم,salla.sa/h-123
نظارات وبصريات,تفصيل نظارات اكسباند,expandoptics.com
نظارات وبصريات,اييلا نظارات شمسية,glassesella.com
نظارات وبصريات,علياء للبصريات,salla.sa/aliya
نظارات وبصريات,متجر نظاره 99,nitharh99.com
نظارات وبصريات,جيل البصريات,salla.sa/geeloptical.com
نظارات وبصريات,Mr.Glasses,salla.sa/mr.glasses
نظارات وبصريات,رؤيتك للنظارات,salla.sa/ursight
عطور,متجر رمز العطور,salla.sa/alanyeq-2024
عطور,أودريد,salla.sa/odred
عطور,متجر الجود,salla.sa/aljoud_perfumes
عطور,ريف الشرق,salla.sa/reef-alsharq-2023
عطور,سياف,salla.sa/sayyaf.com
عطور,Priscilla,salla.sa/priscilla
عطور,متجر عطوري,salla.sa/alraed.com
عطور,عطور رائد,salla.sa/r-r
جوالات وإلكترونيات,زروق للاتصالات,zawraqlilatisalat.com
جوالات وإلكترونيات,متجر اكسسوارات جوالي,salla.sa/my.mobile.accessories.store
جوالات وإلكترونيات,متجر شحن الجوال,salla.sa/s.aljawal
جوالات وإلكترونيات,الفلك الرقمي,alfalakalrqmi.com
جوالات وإلكترونيات,وليد للاتصالات,salla.sa/waleds384
جوالات وإلكترونيات,جياد للإتصالات,salla.sa/gyeadalatsalat
جوالات وإلكترونيات,cooltool,salla.sa/cool_tool1
جوالات وإلكترونيات,الياسر للإتصالات,salla.sa/yasser_phone
جوالات وإلكترونيات,X9 للالكترونيات,x9electronics.com
جوالات وإلكترونيات,سعودي بيز,salla.sa/saudibeez.com
جوالات وإلكترونيات,استكر STICKER,salla.sa/sticker-
جوالات وإلكترونيات,غدير الخزامى,salla.sa/hajiat
جوالات وإلكترونيات,زحل,salla.sa/zohal-sa
مجوهرات وفضة,مملكة الأحجار الكريمة,salla.sa/kingdom.of.gems
مجوهرات وفضة,نفيس للمجوهرات,salla.sa/sahlaat.com
مجوهرات وفضة,الفاتنة,salla.sa/alfatinahstore
مجوهرات وفضة,SD JEWELS,salla.sa/sd.jewels
مجوهرات وفضة,جوهرة الفرسان للذهب,salla.sa/alfursangold
مجوهرات وفضة,الشريف ياسر جولري,salla.sa/yaser_jewellery
مجوهرات وفضة,لغة الفضة,salla.sa/silverlanguage
مجوهرات وفضة,مجوهرات ميهاف,meahaf.com
حقائب نسائية,شنطتي ماركة,salla.sa/almarkt-almkhfdt-
حقائب نسائية,لارين,salla.sa/store.lu
حقائب نسائية,تالا شيك,salla.sa/tala_chic
حقائب نسائية,متجر تعليقة,salla.sa/zoz-store1
حقائب نسائية,شوز بوتيك,salla.sa/shozboutique
حقائب نسائية,متجر نيلام,neelam-shop.com
حقائب نسائية,كالي للأوتلت,cali-shop-us.com
أحذية رجالية,متجر فالي,salla.sa/falishoes.com
أحذية رجالية,هندمة,salla.sa/handmah-sa
أحذية رجالية,متجر هيدرا,salla.sa/hedra
أحذية رجالية,متجر لمسة,salla.sa/ttarq44
أحذية رجالية,وقار للأحذية,salla.sa/waqar1
أحذية رجالية,متجر لوس,salla.sa/loos.sa
أحذية رجالية,متجر مشينا,salla.sa/meshinna.com
اكسسوارات سيارات,نوبارتس,salla.sa/nu_parts
اكسسوارات سيارات,زينة لمستلزمات السيارة,salla.sa/zinhcar
اكسسوارات سيارات,قزوم كار,salla.sa/carghazom
اكسسوارات سيارات,زينة سيارات - ميد لاين,salla.sa/meadline
اكسسوارات سيارات,توب ون كار بلس,salla.sa/top1car.plus
اكسسوارات سيارات,Mopar Accessories,salla.sa/mopar_accessories
اكسسوارات سيارات,Saudi.OffRoad,salla.sa/saudi.offroad
بخور وعود,صُمّان للعود والعطور,somman.com
بخور وعود,سهب للعود,salla.sa/sahboudd
بخور وعود,أطايب الأصالة,salla.sa/alassalah
بخور وعود,SPARKS عطور,salla.sa/sparks.perfume
بخور وعود,فوح الشذا,salla.sa/fawh42
بخور وعود,الشوق للبخور,salla.sa/alshoog
بخور وعود,خود للبخور والعود,salla.sa/5od
بخور وعود,بخور أم علي,salla.sa/bakhoor_umali
بخور وعود,هناي,salla.sa/hanay48
بخور وعود,متجر بخور وعود,salla.sa/bokoor_oud
قهوة وبن,REY قهوة وشوكولاتة,salla.sa/rey.sa
قهوة وبن,Coffee Souq,salla.sa/coffee_souq
قهوة وبن,كاسة وكوب,salla.sa/glass.and.cup
قهوة وبن,قهوة الجبل,salla.sa/mountaincoffee.com.sa
قهوة وبن,سيّاف,salla.sa/syeaf-co
قهوة وبن,قهوة مذاق شهد,salla.sa/shahadcoffee
قهوة وبن,كارما,salla.sa/karmaa
قهوة وبن,واسمة,salla.sa/wasimh.com
شموع ومعطرات,متجر شموع وكونكريت,salla.sa/shr-alshmwa
شموع ومعطرات,المنارة شوب,salla.sa/almanara-shop
شموع ومعطرات,Yaeluul,salla.sa/yaeluul
شموع ومعطرات,candles store,salla.sa/deniz.store
شموع ومعطرات,Ma candle,salla.sa/ma_candle
شموع ومعطرات,star candle,salla.sa/star-candle
شموع ومعطرات,شموع سكون,salla.sa/sukoon.1111
شموع ومعطرات,SKY STORE,salla.sa/skystore.sa
شموع ومعطرات,Rad Candles,salla.sa/rad-store
ملابس متخصصة ومتنوعة,نقطة ملونة,salla.sa/color-point1
ملابس متخصصة ومتنوعة,Usagi store,salla.sa/harostore
ملابس متخصصة ومتنوعة,ماركة,salla.sa/marka
ملابس متخصصة ومتنوعة,H7store,salla.sa/h7store_
ملابس متخصصة ومتنوعة,Lindostore,salla.sa/lindostore
ملابس متخصصة ومتنوعة,MTGR MEM,salla.sa/mtgr.mem
ملابس متخصصة ومتنوعة,متجر ماسي,salla.sa/masyshop
ملابس متخصصة ومتنوعة,جيل حداثة,salla.sa/hadathah
ملابس متخصصة ومتنوعة,JAWAD فروسية,salla.sa/jawad2024
ملابس متخصصة ومتنوعة,بو ديزني,salla.sa/boodisney
أردن (منوع),Option-JO,option-jo.com
أردن (منوع),تاج للعطور,tajperf.com
أردن (منوع),دلني Delnee,delnee.com
أردن (منوع),متاجر زاد,zadshops.com
أردن (منوع),ياسمين خطاب,yk-jo.com
أردن (منوع),Dumyah دمية,dumyah.com
أردن (منوع),بي فاب,bfab.com/jo_ar
أردن (منوع),متجر اي ان A-N Store,a-nstore.com
فساتين سهرة ومناسبات,ستايل مي,salla.sa/styleme-sa.com
فساتين سهرة ومناسبات,همس فاشن,salla.sa/hms-fashn
فساتين سهرة ومناسبات,فساتين غنج,salla.sa/fasatinganj
فساتين سهرة ومناسبات,متجر رويتا,salla.sa/rweta
فساتين سهرة ومناسبات,متجر كحيلة,salla.sa/libsi-trend.com
فساتين سهرة ومناسبات,أطياف للأزياء,salla.sa/atyaf-fashion
فساتين سهرة ومناسبات,دارين للأزياء,salla.sa/daryen.1
فساتين سهرة ومناسبات,فساتين ايفان,salla.sa/evan-style
فساتين سهرة ومناسبات,متجر أناقتي,salla.sa/kno-fashin
فساتين سهرة ومناسبات,The Deer,salla.sa/noof_f_a
فساتين سهرة ومناسبات,حسينة,salla.sa/hasinah
فساتين سهرة ومناسبات,Missfashionksa,salla.sa/missfashionksa
فساتين سهرة ومناسبات,Venus Lady,salla.sa/venus-lady.com
فساتين سهرة ومناسبات,dior-sandy,salla.sa/dior-sandy.com
ذهب ومجوهرات فاخرة,ذهبيات كريم,salla.sa/krayemgolds
ذهب ومجوهرات فاخرة,عطاء الجوهرة,salla.sa/ba91
ذهب ومجوهرات فاخرة,عبدالكريم النمر للذهب,salla.sa/msst-abdalkryem-alnmr-
ذهب ومجوهرات فاخرة,فيلورا,salla.sa/95e185d4-c73f-44bd-98b5-ea6e77bcf784
ذهب ومجوهرات فاخرة,مَلك jewelry,salla.sa/mlk.jel
ذهب ومجوهرات فاخرة,بوتيك فلونا,salla.sa/bwtyek-flwna
ذهب ومجوهرات فاخرة,متجر أتاك,salla.sa/at_ak.8
قهوة وأدوات مطبخ,كوبي,salla.sa/225888d9-e068-44c8-9904-01677962841e
قهوة وأدوات مطبخ,نغم القهوة,salla.sa/naghamcoffee
قهوة وأدوات مطبخ,قولدن تامبر,salla.sa/goldentamper
قهوة وأدوات مطبخ,جرة,salla.sa/jarrahstore.com
قهوة وأدوات مطبخ,هوملي,salla.sa/homely-2030
قهوة وأدوات مطبخ,نقاء القهوة,salla.sa/coffeepurity
قهوة وأدوات مطبخ,Dripper Shop,salla.sa/drippershop
قهوة وأدوات مطبخ,دبل شوت,salla.sa/double_shot
قهوة وأدوات مطبخ,RIK STORE,salla.sa/rikstore
قهوة وأدوات مطبخ,call of coffee,salla.sa/call_of_coffee
رياضة ولياقة نسائية,فلك فيتنس,salla.sa/falakfitness
رياضة ولياقة نسائية,37 درجة مئوية,37celsius-sa.com
رياضة ولياقة نسائية,Yourfitsa,salla.sa/yourfitsa
رياضة ولياقة نسائية,ملابس بناتي,salla.sa/sportole
أدوات فنية ورسم,Faten shop,salla.sa/f-art
أدوات فنية ورسم,Jehan store,salla.sa/jehan.store1
أدوات فنية ورسم,الأعمدة الماسية,salla.sa/alamedah_almasiyah
أدوات فنية ورسم,Art.oily,salla.sa/art.oily1
أدوات فنية ورسم,ارتست شوب,salla.sa/artist_shop1
أدوات فنية ورسم,بيكارتو,salla.sa/picarto
أدوات فنية ورسم,مكتبة مرزا,salla.sa/mirzalibrary
أدوات فنية ورسم,Catchy,salla.sa/idyllic
أدوات فنية ورسم,المهندس الرسام,salla.sa/almohandes-alrssam
أدوات فنية ورسم,تجلية,salla.sa/tajlia
أدوات فنية ورسم,صندوق الفن,salla.sa/boxart.store
حيوانات أليفة ومستلزماتها,متجر بطريق,salla.sa/pet-req.com
حيوانات أليفة ومستلزماتها,Cats Stuff,salla.sa/cats.stuff
حيوانات أليفة ومستلزماتها,كات بارك,salla.sa/catpark-sa.com
حيوانات أليفة ومستلزماتها,Cat City,salla.sa/cat-city
حيوانات أليفة ومستلزماتها,لوازم الحيوانات الأليفة,salla.sa/lawazym
حيوانات أليفة ومستلزماتها,تغاريد الرس للطيور,salla.sa/tagareedalrass
حيوانات أليفة ومستلزماتها,الأحياء المائية,salla.sa/waterlifecenter
حيوانات أليفة ومستلزماتها,سفاري,salla.sa/safariptstore.com
حيوانات أليفة ومستلزماتها,فرحتي,salla.sa/farhaty-2025
حيوانات أليفة ومستلزماتها,فيافي,salla.sa/fiafi_f
حيوانات أليفة ومستلزماتها,Meow plus,salla.sa/meow.plus.1st
حيوانات أليفة ومستلزماتها,Catstore,salla.sa/catstore_0
تصوير وكاميرات مراقبة,متجر شتر,salla.sa/shutter1
تصوير وكاميرات مراقبة,تقنية الكاميرا,salla.sa/camteec
تصوير وكاميرات مراقبة,ايلاف,salla.sa/elafsami2
تصوير وكاميرات مراقبة,جدران,salla.sa/jeudraan
تصوير وكاميرات مراقبة,برج المراقبة,salla.sa/cctv-ct.com
تصوير وكاميرات مراقبة,E-guard,salla.sa/eguard
تصوير وكاميرات مراقبة,فيجن,salla.sa/visionksa
تصوير وكاميرات مراقبة,The Blue,salla.sa/the_blue
تصوير وكاميرات مراقبة,آفاقي,salla.sa/afaqsystems
تصوير وكاميرات مراقبة,استديو تحرير,salla.sa/tahrair
أزياء تراثية وشماغ,شماغ ستايل,salla.sa/hhamssty
أزياء تراثية وشماغ,وسم للتراثيات,salla.sa/wsm_2030
أزياء تراثية وشماغ,صمايد للأشمغة,salla.sa/smayid
أزياء تراثية وشماغ,المقصب,salla.sa/almqsab
أزياء تراثية وشماغ,تراثيات رند,salla.sa/trthyeat-rnd
أزياء تراثية وشماغ,السائد,salla.sa/alsaid
أزياء تراثية وشماغ,دار الفارس للزي السعودي,salla.sa/dar_al_fares
عبايات (دفعة 2),ليلى للعبايات,salla.sa/laila.sa
عبايات (دفعة 2),فهدة أبايا,salla.sa/fahda-abaya
عبايات (دفعة 2),عبايات وجد,salla.sa/wajd.8a
عبايات (دفعة 2),نرجس Abaya,salla.sa/narges.abayas
عبايات (دفعة 2),LAN ABAYA,salla.sa/lanabaya
عبايات (دفعة 2),عبايات كسوة,salla.sa/keswa-abaya
عناية بالبشرة ومكياج,بيوتي جار,salla.sa/jars_beauty
عناية بالبشرة ومكياج,الكاميليا,salla.sa/kamellia
عناية بالبشرة ومكياج,لولين,salla.sa/looleen.com
عناية بالبشرة ومكياج,حرير,salla.sa/sab_7rer
عناية بالبشرة ومكياج,نقاء PNB,salla.sa/nqa-alttbyeat-walgmal-
عناية بالبشرة ومكياج,خلطات ميرا,salla.sa/mera_beauty22
عناية بالبشرة ومكياج,منئ عناية MONA CARE,salla.sa/khlttat-mn2
ملابس نوم وداخلية نسائية,Night flower,cotton-1406.com
ملابس نوم وداخلية نسائية,انتيماء,salla.sa/antima
ملابس نوم وداخلية نسائية,نونيا,salla.sa/nunia
ملابس نوم وداخلية نسائية,كروشية السعودية,salla.sa/crochet.saudi
ملابس نوم وداخلية نسائية,منار التعمير,salla.sa/mnar-altamyer
مكتبات وكتب,حكاية كتاب,salla.sa/tale_book
مكتبات وكتب,نوادر الكتب,salla.sa/nawadr
مكتبات وكتب,مكتبة غصن,salla.sa/ghsunbookstore
مكتبات وكتب,مكتبة رفوف الإبداع,salla.sa/rofooffbook
مكتبات وكتب,دار الفضيلة للنشر,salla.sa/anashraldawly
مكملات غذائية وكمال أجسام,body.power.store,salla.sa/bodypower.com
مكملات غذائية وكمال أجسام,Protein Muscles,salla.sa/protienmuslces
مكملات غذائية وكمال أجسام,قلعة المكملات,salla.sa/supplementscastle.com
مكملات غذائية وكمال أجسام,الأجسام المحترفة,salla.sa/vip-mbn
مكملات غذائية وكمال أجسام,وادي لندن,salla.sa/wadilondon
شنط سفر ومستلزمات,آي بزنس,salla.sa/ibznss
شنط سفر ومستلزمات,متجر بيرال,salla.sa/peral.shop
شنط سفر ومستلزمات,متجر جمالك,salla.sa/jmaliks.com
شنط سفر ومستلزمات,متجر جميله,salla.sa/gmeelh
شنط سفر ومستلزمات,ساري سنت,salla.sa/saristore
شنط سفر ومستلزمات,متجر شنط سفر القمة,salla.sa/ahm_ban
شنط سفر ومستلزمات,رُمح Boutique,salla.sa/matsh77
ديكورات حفلات ومناسبات,توزيعات وأكثر,salla.sa/tawzieat-2025
ديكورات حفلات ومناسبات,اهلا رمضان,salla.sa/zevents
ديكورات حفلات ومناسبات,دنيا ورد,salla.sa/donia.116
ديكورات حفلات ومناسبات,اناقه ون,salla.sa/gad_store
ديكورات حفلات ومناسبات,Lollipop party,salla.sa/lollipop_party
ديكورات حفلات ومناسبات,ريالين البركة,salla.sa/realenalbrkh
ديكورات حفلات ومناسبات,Flower8flow,salla.sa/flower8flow
ديكورات حفلات ومناسبات,فوا للحفلات والورد,salla.sa/fawa
خلفيات تصوير منتجات,متجر مكعبات,salla.sa/mkabat
خلفيات تصوير منتجات,Dolyto,salla.sa/dolyto
خلفيات تصوير منتجات,IAAR,salla.sa/iaar-2020
خلفيات تصوير منتجات,99 ونصف,99andhalfeverything.com
تخييم ومستلزمات بر,ALLBLUE,salla.sa/very-different
تخييم ومستلزمات بر,Sahi,salla.sa/sahi
تخييم ومستلزمات بر,العمرو للرحلات,alamrollrhlat.com
تخييم ومستلزمات بر,قمة المرقاب,salla.sa/qmt-almrqab-llwazm-alrhlat
تخييم ومستلزمات بر,كشتات للوازم الرحلات,salla.sa/kshtat-llwazm-alrhlat
تخييم ومستلزمات بر,تراثيات الراية,salla.sa/alrayet-lmstlzmat-alrhlat
تخييم ومستلزمات بر,البرية للوازم الرحلات,albariah.com
أثاث مكتبي وقيمنق,جلوكس,salla.sa/glox_store
أثاث مكتبي وقيمنق,أنظمة التركيبات للأثاث,salla.sa/instsyst
أثاث مكتبي وقيمنق,رمز المنزل للأثاث,rmzalmnzl.com
أثاث مكتبي وقيمنق,متجر مكتبي maktabi,salla.sa/maktabimak
أثاث مكتبي وقيمنق,تشيكارا,salla.sa/chikara
أكل صحي ودايت,بنت الهيّلا,salla.sa/attart-bnt-alhyela
أكل صحي ودايت,نمط صحي,salla.sa/healthe-style
أكل صحي ودايت,Healthy Living,salla.sa/healthy_living
أكل صحي ودايت,برو دايت,salla.sa/pro-dait
عسل وتمور,مناحل أبو وائل,salla.sa/abuwael-honey
عسل وتمور,قصر العز للعسل والعود,salla.sa/honey.oud.alezz
عسل وتمور,ريف للمنتجات الطبيعية,rif.com.sa
عسل وتمور,غصن البان للعسل البلدي,salla.sa/ghosan_alban
عسل وتمور,متجر الحواج,salla.sa/honey_alhwwaj
عسل وتمور,متجر الوقاية,salla.sa/wiqaiahoney
عسل وتمور,خلية الشهد,salla.sa/khlytashhd
هدايا رجالية فاخرة,سيوف المجد,salla.sa/yklg
هدايا رجالية فاخرة,افاق هدايا رجالية,salla.sa/afaaq.store
هدايا رجالية فاخرة,Nadastore1,salla.sa/nadastore1-
هدايا رجالية فاخرة,دار الامراء,salla.sa/dar_almaraa
هدايا رجالية فاخرة,هـايل,salla.sa/hayel-2024
تراثيات وأقمشة,النادره للشعبيات,salla.sa/alnaderah-popular
تراثيات وأقمشة,غرائب الرياض للأقمشة,salla.sa/gr.riyadh
تراثيات وأقمشة,ماضي الوقت,salla.sa/MADIALTIME
تراثيات وأقمشة,السلطانة للأزياء,salla.sa/alsultanafasion
لوحات جدارية وطباعة,متجر اللوحات الجدارية,salla.sa/lohty
لوحات جدارية وطباعة,إطارات وبراويز صور,salla.sa/aleithar.shop
لوحات جدارية وطباعة,تجريد,salla.sa/tajredsa
لوحات جدارية وطباعة,لوحتي Mylo7a,salla.sa/mylo7a
لوحات جدارية وطباعة,مسار الفن,salla.sa/msar-alfn
لوحات جدارية وطباعة,فن الصورة PHOTO ART,salla.sa/photoaart
لوحات جدارية وطباعة,الزخارف النجدية,salla.sa/alzkharf-alngdyet
لوحات جدارية وطباعة,تشكيل,salla.sa/tshkyel66
ألعاب فيديو وبلايستيشن,ماستر قيم,salla.sa/mastergame
ألعاب فيديو وبلايستيشن,دريم قيمنق,salla.sa/dreamgaming
ألعاب فيديو وبلايستيشن,الكينج,salla.sa/alkingstore
ألعاب فيديو وبلايستيشن,Sky Gamezer,salla.sa/skygamezer
ألعاب فيديو وبلايستيشن,معرق قيمنق,salla.sa/marg-gaming
ألعاب فيديو وبلايستيشن,القناص للألعاب,salla.sa/alqnass-llalab
ألعاب فيديو وبلايستيشن,VKstore,salla.sa/gameoversa
حدائق ومظلات وأثاث خارجي,متجر منظم,salla.sa/monthm
حدائق ومظلات وأثاث خارجي,أناقة الدار للأثاث,anaqataldaaroffurniture.com
حدائق ومظلات وأثاث خارجي,الشمس المشرقة للأدوات الزراعية,salla.sa/alshams
حدائق ومظلات وأثاث خارجي,أوتاث,salla.sa/otath
حدائق ومظلات وأثاث خارجي,مؤسسة العتيق التجارية,salla.sa/al_atiq
حدائق ومظلات وأثاث خارجي,سنديان الخليج الزراعية,salla.sa/sndyean-alkhlyeg-alzraayet
حدائق ومظلات وأثاث خارجي,دليل البراري,dlyel-albrarye.com
حدائق ومظلات وأثاث خارجي,متجر دستة,salla.sa/dasta
عبايات (دفعة 3),متجر حلّة للعبايات,salla.sa/hollaabaya
عبايات (دفعة 3),بف للعبايات,salla.sa/shu.me1
عبايات (دفعة 3),عبايات مميزة,salla.sa/store_mumayzah
عبايات (دفعة 3),ميم,salla.sa/m.i.m
عبايات (دفعة 3),MSK.LINE,salla.sa/c025561d-5ea6-4696-9823-1146f3764d80
شموع وأعمال يدوية,Ons Candle,salla.sa/onscandle.com
شموع وأعمال يدوية,Bright Store,salla.sa/bright.store8
شموع وأعمال يدوية,nova sacraft,salla.sa/nova-sacraft
شموع وأعمال يدوية,Eliycandles,salla.sa/eliycandles
شموع وأعمال يدوية,Grey Wolf,salla.sa/grey_wolf
ورد ونباتات,مستعمرة الورد,salla.sa/mostamra_flowers
ورد ونباتات,حديقتي,salla.sa/hdyeqtye
اكسسوارات جوال (مؤكدة بتقييمات),جود تليكوم,salla.sa/joodtelecom
اكسسوارات جوال (مؤكدة بتقييمات),متجر مكس,salla.sa/bwrshat-sswr
اكسسوارات جوال (مؤكدة بتقييمات),بدايات النظم,salla.sa/badiat.sa
اكسسوارات جوال (مؤكدة بتقييمات),دكان ريان,salla.sa/ryyan_store.com
عطارة وأعشاب طبيعية,عطارة أبو لؤي,salla.sa/attar_30n
عطارة وأعشاب طبيعية,أعشاب الطبيعة,salla.sa/Naturalherbs
عطارة وأعشاب طبيعية,عطارة السليمانية,salla.sa/alslumanyah
عطارة وأعشاب طبيعية,متجر الثقة,salla.sa/mtjralthqh
عطارة وأعشاب طبيعية,أعشاب طيبة للعطارة,salla.sa/ashiibyyyy
عطارة وأعشاب طبيعية,أم راشد القحطاني,salla.sa/am-rashd-
زي موحد ويونيفورم,حكايات درزة لليونيفورم,salla.sa/drza.com
زي موحد ويونيفورم,متجر روز للأزياء,salla.sa/mtgr-roz
عدسات لاصقة ملونة,Beautyhouse1416,salla.sa/beautyhouse1416
عدسات لاصقة ملونة,F_zid,salla.sa/fz
عدسات لاصقة ملونة,زين للنظارات والعدسات,salla.sa/zain-opticals
خياطة وكروشية,مسطرة لمستلزمات الخياطة,salla.sa/happenese-sea
خياطة وكروشية,متجر MUF,salla.sa/muf
خياطة وكروشية,Royl King,salla.sa/royalking
خياطة وكروشية,ألوان الخيوط,salla.sa/alwanalkhuot
مفروشات ومستلزمات حمام,Zahra_bath_soap,salla.sa/zahra_bath_soap
مفروشات ومستلزمات حمام,متجر كاندل,salla.sa/candlle
مفروشات ومستلزمات حمام,Modern.bath,salla.sa/modern.bath
صيد سمك وأسماك طازجة,سعود للأسماك,salla.sa/saudfish
صيد سمك وأسماك طازجة,سيجان صياد السمك,salla.sa/samak.2000
صيد سمك وأسماك طازجة,مركز سما البحري,salla.sa/samamc
صيد سمك وأسماك طازجة,الصنارة السوداء Black Hook,salla.sa/blackhook
إطارات وكفرات سيارات,جبل العر,salla.sa/a29a016f-7015-429f-91b6-66ac8c2d8029
إطارات وكفرات سيارات,متجر الإطارات,tires-store.com
إطارات وكفرات سيارات,أبو مشهور Cars fond,salla.sa/car
إطارات وكفرات سيارات,المسارات لخدمات السيارات,salla.sa/almsarat-4-car-company
إطارات وكفرات سيارات,شيكو كفرات سيارات,salla.sa/shaeko
إطارات وكفرات سيارات,جي ال اكس,salla.sa/glx8
إطارات وكفرات سيارات,لمسات ملمعات كفرات,salla.sa/lamasat1.com
مكياج وأظافر,بنم Bnm,salla.sa/bnm-ksa
مكياج وأظافر,دريم بوكس,salla.sa/dreamboxbeauty
مكياج وأظافر,مور كير Mcar3,salla.sa/mcar3
مكياج وأظافر,النوادر,salla.sa/nwader100
مكياج وأظافر,Thoog make up,salla.sa/thoog1111
مكياج وأظافر,Camellia shop,salla.sa/camiliashop
مكياج وأظافر,Piercing Jeddah,salla.sa/piercing.jeddah
عبايات (دفعة 4),رفعة عباية,salla.sa/rafahabaya
عبايات (دفعة 4),مُهجة,salla.sa/mohjahabaya5
عبايات (دفعة 4),عبايات مذهله,salla.sa/mudhila_abaya
دفاتر وقرطاسية مطبوعة,روزاف,salla.sa/rozaf2
دفاتر وقرطاسية مطبوعة,الانسه دفتر,salla.sa/missdaftar
أدوات مطبخ,لمسه سحريه,salla.sa/alashaar-almmyez-2024
أدوات مطبخ,متجر مطبخ وكيك,salla.sa/cakee
أدوات مطبخ,أرت الأضواء,salla.sa/art-aladwa
أدوات مطبخ,مؤسسة الأدوات المتعددة,salla.sa/mixtools
أدوات مطبخ,goldline.ksa,salla.sa/goldlineksa
أطعمة ومكسرات وبقالة,Gevanksa,gevanksa.com
أطعمة ومكسرات وبقالة,مور يامي,salla.sa/themoreyumy
أطعمة ومكسرات وبقالة,متجر مطعوجة,salla.sa/matooja
أطعمة ومكسرات وبقالة,Rb3kg,salla.sa/rb3kg
أطعمة ومكسرات وبقالة,متجر السماح,salla.sa/alsamah
أطعمة ومكسرات وبقالة,نـقـوة Nagwa,salla.sa/nagwa8
أطعمة ومكسرات وبقالة,Mango بقالة,salla.sa/mangw
ملابس رجالية (دفعة2),ركن القناص,salla.sa/rkn-alknas
ملابس رجالية (دفعة2),أناقة VIP,salla.sa/anaqh-vip.com
ملابس رجالية (دفعة2),RANO,salla.sa/rano.sa
ملابس رجالية (دفعة2),Swagyofashion,salla.sa/swagyofashion
ملابس رجالية (دفعة2),متجر قميص CamisaStoreQ,salla.sa/CamisaStoreQ
قهوة وأجهزة اسبريسو,Coffee Discovery,salla.sa/coffee-discovery
قهوة وأجهزة اسبريسو,Saudi-Pro21,salla.sa/prostore21
قهوة وأجهزة اسبريسو,Cloud Coffee,salla.sa/cloudcoffee
قهوة وأجهزة اسبريسو,كادي كوفي,salla.sa/caady_coffee
قهوة وأجهزة اسبريسو,Rayan Roastery,salla.sa/rayan.cooffe
مجوهرات ولؤلؤ,ريحانه,salla.sa/ryhanh-188-vFgk
مجوهرات ولؤلؤ,افضل متجر اكسسوارات FA,salla.sa/FA.accessories
مجوهرات ولؤلؤ,hullah.jewelry,salla.sa/hullahjewelry
مجوهرات ولؤلؤ,ميلاف,salla.sa/milafstore
طيور وحيوانات (دفعة2),حياة الطيور,salla.sa/lifeofbirds
طيور وحيوانات (دفعة2),الطائر الرمادي Grey Bird,salla.sa/grey_bird
زي موحد ويونيفورم (دفعة2),id.uni4m,salla.sa/id.uni4m
زي موحد ويونيفورم (دفعة2),خيط الحرير,salla.sa/mdadstore
زي موحد ويونيفورم (دفعة2),مدارس روض الجنان,salla.sa/mdars-rwd-algnan-alahlyet
عطور نيش مستوحاة,فاطمة للعطور,salla.sa/x_fatooom11
عطور نيش مستوحاة,رويال نيش,salla.sa/royalnish
عطور نيش مستوحاة,Mixpe46,salla.sa/mixpe46
عطور نيش مستوحاة,French Flower,salla.sa/frenchflower
اكسسوارات جوال (دفعة3),متجر بوفبن,salla.sa/bofpn
اكسسوارات جوال (دفعة3),عالم التقنيات,3lamaltagneat.com
اكسسوارات جوال (دفعة3),WG-Tele,salla.sa/wg-tele
اكسسوارات جوال (دفعة3),Saudi-phone43,salla.sa/saudi-phone43
اكسسوارات جوال (دفعة3),متجر جوالي,salla.sa/store.pac
ملابس نسائية كاجوال,First Trend,salla.sa/firstrend5
ملابس نسائية كاجوال,مجموعة أضواء التميز,salla.sa/mtgr-adwa-altmyez-
ملابس نسائية كاجوال,OLES,salla.sa/alyeas-202
ملابس نسائية كاجوال,Ashq 2025,salla.sa/ashq--2025
ملابس نسائية كاجوال,Lamloom,salla.sa/lamloom
عبايات (دفعة 5),عبايات يَاف,salla.sa/abayeat-yeaf
عبايات (دفعة 5),فَزّة,salla.sa/fazza_sfm
عبايات (دفعة 5),روجينا,salla.sa/roginastore
عبايات (دفعة 5),AN Abaya,salla.sa/an-abaya
عبايات (دفعة 5),جوى Jawaa,salla.sa/jawaa-ksa
عبايات (دفعة 5),عبايات العالية,salla.sa/alealiah
تصوير وعدسات (دفعة2),ضوء العدسة,salla.sa/lenslight
تصوير وعدسات (دفعة2),رينيف,salla.sa/ro.prostore
تصوير وعدسات (دفعة2),Monstore,salla.sa/monstore
عطور إضافية (دفعة3),مهووس للعطور,salla.sa/mahwous
عطور إضافية (دفعة3),متجر عبدالله رسيس,salla.sa/abda666
عطور إضافية (دفعة3),بوتيك روز للعطور,salla.sa/rose-store-27
عطور إضافية (دفعة3),عمر للعطور,salla.sa/promar
عطور إضافية (دفعة3),باريس بولي,salla.sa/parispolly
عطور إضافية (دفعة3),تالا شوب,salla.sa/talashob.2_gmil.com
رياضة رجالية (دفعة2),متجر الفهد الرياضي,salla.sa/alfhdsup
أدوات مطبخ وسيراميك,بيت الاكسسوارات والنظارات,salla.sa/mtgr-byet-alaksswarat-walnarat
أدوات مطبخ وسيراميك,المهيدب للأدوات الصحية والسيراميك,salla.sa/almuhaidib
أدوات مطبخ وسيراميك,كوب لاتيه,salla.sa/my_mugs2
أدوات مطبخ وسيراميك,480Degree,salla.sa/480degree
أدوات مطبخ وسيراميك,WarmWinter,salla.sa/warmwinter4us
أدوات مطبخ وسيراميك,دار النجارة,salla.sa/daralnijara
أدوات مطبخ وسيراميك,Montajak,salla.sa/muntajak_com
زد - عطور وساعات واكسسوارات,متجر الأميرة Alamirah,alamirah-sa.zid.store
زد - عطور وساعات واكسسوارات,أكسيل هوم Aksel Home,1opiel.zid.store
زد - عطور وساعات واكسسوارات,المستقبل لمواد البناء,mbkijr.zid.store
زد - عطور وساعات واكسسوارات,متجر زحل فروات وأزياء,obawoh.zid.store
زد - عطور وساعات واكسسوارات,بوتيك أميرة عطور عرائسي,byamiramohammed.zid.store
زد - عطور وساعات واكسسوارات,Uniforms زي موحد,uniforms.zid.store
زد - عطور وساعات واكسسوارات,مروج للعطور والعناية,bylsanllatwr.zid.store
زد - عطور وساعات واكسسوارات,تميّز جمال وعناية,nt9fyg.zid.store
زد - عطور وساعات واكسسوارات,Abdulelah personal shopper,edzlab.zid.store
زد - عطور وساعات واكسسوارات,عريق للعطور,areeqkhobar.zid.store
زد - عطور وساعات واكسسوارات,متجر اكسسوارات عطور ساعات,8bdh8x.zid.store
زد - عطور وساعات واكسسوارات,دارك ساعات ومجوهرات,dark-theme.zid.store
زد - عطور وساعات واكسسوارات,متجر لجى عود وعطور,ksrh8.zid.store
زد - عطور وساعات واكسسوارات,Happiness Gifts,happinessgifts.zid.store
زد - فساتين وملابس نسائية,قصر الأزياء الأنيقة,palaceoffashion-net.zid.store
زد - فساتين وملابس نسائية,DARZYAN,darzyan.zid.store
زد - فساتين وملابس نسائية,مودا ستايل,modastyle.zid.store
زد - فساتين وملابس نسائية,الما فاشن,sx6zvf.zid.store
زد - فساتين وملابس نسائية,متجر فساتين سادات,amjxw8.zid.store
زد - فساتين وملابس نسائية,Dressy VIP,dressyvip.zid.store
زد - فساتين وملابس نسائية,TRND UP STYLE,trndupstyle.zid.store
زد - مكياج وعناية بالبشرة,AlBasem.store,albasm4.zid.store
زد - مكياج وعناية بالبشرة,Zahra عناية ومكياج,doyftt.zid.store
زد - مكياج وعناية بالبشرة,Luxe,mbirey.zid.store
زد - مكياج وعناية بالبشرة,متجر عنايتي,mtjranaytk1.zid.store
زد - مكياج وعناية بالبشرة,Rosia,pmijua.zid.store
زد - مكياج وعناية بالبشرة,بلوم بيوتي,bloombeauty.zid.store
زد - مكياج وعناية بالبشرة,عناية بشرتي,anayhbshrty.zid.store
زد - مكياج وعناية بالبشرة,الأصايل,fzmisg.zid.store
زد - مكياج وعناية بالبشرة,كارمة اوت ليت,karmacareoutlet.zid.store
زد - منزل وأثاث وديكور,عالم الاثاث,e59lkc.zid.store
زد - منزل وأثاث وديكور,نهاية الذوق للأثاث الفاخر,sndrlr.zid.store
زد - منزل وأثاث وديكور,لمسة الابداع,lmshalabdaa.zid.store
زد - منزل وأثاث وديكور,بيت الحياة للاثاث,alathathbytalhyat.zid.store
زد - منزل وأثاث وديكور,مستلزمات المنزل,hwijm7.zid.store
زد - منزل وأثاث وديكور,هاوس برو للأثاث المنزلي,smartphone1.zid.store
زد - منزل وأثاث وديكور,احتياجاتي الراقية,aihtiajati-alrraqia.zid.store
زد - منزل وأثاث وديكور,ابتكارات الديكور,abtkrataldykwr.zid.store
زد - جوالات واكسسوارات,بكسلة,bixela.zid.store
زد - جوالات واكسسوارات,متجر اكسسوارات جوال,tlh5.zid.store
زد - جوالات واكسسوارات,العز للأرقام المميزة,gcsvnn.zid.store
زد - جوالات واكسسوارات,اكسسوارات جوالات,mtjrmkh6.zid.store
زد - جوالات واكسسوارات,متجر مشتريات,com.zid.store
زد - جوالات واكسسوارات,اككسورات الجوال,wnm9oq.zid.store
زد - رياضة وملابس,أحذية رياضية عزيز,azizstore4.zid.store
زد - رياضة وملابس,نادي الخبراء الرياضي,mtjrnadyalkhbraaalryady.zid.store
زد - رياضة وملابس,ملابس رجالية جاهزة,rpnkrc.zid.store
زد - رياضة وملابس,متجر ستايلي,okvg6b.zid.store
زد - رياضة وملابس,ملابس تيشيرتات وطقم رياضي,kwsvce.zid.store
زد - رياضة وملابس,Sport Codes,sportcodes.zid.store
زد - حيوانات أليفة,سنور لمستلزمات الحيوانات الأليفة,snwr.zid.store
زد - مجوهرات وفضة,Albandar Jewellery,albandar.zid.store
زد - مجوهرات وفضة,مجوهرات سما الفضة,xgprhu.zid.store
زد - مجوهرات وفضة,نقاوة للذهب والمجوهرات,dsj-sa.zid.store
زد - مجوهرات وفضة,Bana's Jewelry,yaxfh5.zid.store
زد - مجوهرات وفضة,جُمان بوتيك,joman-boutique.zid.store
زد - مجوهرات وفضة,juweel,juweel.zid.store
زد - مجوهرات وفضة,متجر زمردة,njmzjt.zid.store
زد - مجوهرات وفضة,مجوهرات شعاع,shoaajewelry.zid.store
زد - عود وبخور,رنيم العود,h3olek.zid.store
زد - عود وبخور,عود النخبة,h3jssz.zid.store
زد - عود وبخور,عطور نيش,atssef.zid.store
زد - عود وبخور,بلاك عود,blakawd.zid.store
زد - عود وبخور,عبدالمحسن العيسى للعود والبخور,ugojma.zid.store
زد - عود وبخور,متجر الوسام,bkor268.zid.store
زد - عود وبخور,جاز,jaz2.zid.store
زد - مطبخ وأجهزة منزلية,متجر الشريف لقطع غيار الأجهزة,mtjralshryflqtaghyaralajhzhalkhrbaiyhwaltkyyfwaltbryd.zid.store
زد - مطبخ وأجهزة منزلية,عزم ماركت,azmmarkt.zid.store
زد - مطبخ وأجهزة منزلية,تُـولـز TOOLS,lttef5.zid.store
زد - مطبخ وأجهزة منزلية,دار الاجهزة,fubcvk.zid.store
عبايات (دفعة 6),بوتيك فاتن,salla.sa/fatenabaya
عبايات (دفعة 6),Qamra abayas,salla.sa/qamra-abayas
عبايات (دفعة 6),RJ abayas,salla.sa/rawanjasim
زد - ملابس شباب,ملابس شباب,o4wfvx.zid.store
ملابس نسائية (دفعة3),متجر دان,salla.sa/lmsh-alryead-
ملابس نسائية (دفعة3),سافانا,salla.sa/kno-
ملابس نسائية (دفعة3),متجر هندام,salla.sa/mtjr-hndam
ملابس نسائية (دفعة3),نقشه,salla.sa/nagshaa
ملابس نسائية (دفعة3),تيمآلين,salla.sa/timaleen-store
ملابس نسائية (دفعة3),HomewearQueen دلع شوب,salla.sa/mnyert-310-80ik
ملابس نسائية (دفعة3),متجر حلا,salla.sa/almnalye-
ملابس نسائية (دفعة3),مستلزمات نسائية,salla.sa/cardsego
ملابس نسائية (دفعة3),متجر Eseven,salla.sa/eseven.store
متاجر متنوعة إضافية,7palms,salla.sa/7palms
متاجر متنوعة إضافية,الرونق KSA Store,salla.sa/al-rawnaq.ksa
متاجر متنوعة إضافية,متجر شنب جدة,salla.sa/nayyarfa
زد - عطور إضافية,هافانا للعطور,looksgreatperfume-com.zid.store
زد - عطور إضافية,عطور دوتي,dottiperfumes.zid.store
زد - كتب وقرطاسية,اشراقة شوب,lcrn11.zid.store
زد - كتب وقرطاسية,كِتَابْيا,talestreasures.zid.store
زد - كتب وقرطاسية,جآل,jaal1.zid.store
زد - شموع ومعطرات,Farah Theme,pdsn8x.zid.store
زد - شموع ومعطرات,Souvenir,souvenir4.zid.store
زد - شموع ومعطرات,Breathe,breathe1.zid.store
زد - شموع ومعطرات,شموع الأمل,shmwaalaml1.zid.store
زد - شموع ومعطرات,شموع فتيل,awn3dq.zid.store
زد - شنط نسائية,نيلا 8 ستار,nilla8star.zid.store
زد - شنط نسائية,الخامس والستون,bzebva.zid.store
زد - شنط نسائية,برُوك,brockstack.zid.store
زد - شنط نسائية,لمسة الموضة,mtjrabtsam5.zid.store
زد - شنط نسائية,جوتي,joute-sa-com.zid.store
زد - شنط نسائية,ديزي,daisy3.zid.store
زد - رياضة إضافية,اناقة الرجل للمشالح,mhlanaqhalrjlllmshalhwalmstlzmatalrjalyh.zid.store
زد - رياضة إضافية,نادي الثقبة الرياضي,althaqbah.zid.store
زد - ملابس رجالية إضافية,حذاء الخليج,hdhaaalkhlyj.zid.store
زد - ملابس رجالية إضافية,TREE VALLEI,treevallei.zid.store
زد - ملابس رجالية إضافية,بيانكا,bianca.zid.store
زد - ملابس رجالية إضافية,luxury,mn1ing.zid.store
زد - ملابس رجالية إضافية,مصدر التجارة الالكترونية,msdralaamallltjarhalalktrwnyh.zid.store
زد - عطور إضافية2,بوتيك ثروة للعطور,tharwa.zid.store
زد - عطور إضافية2,متجر الفهد,zid.store/alfahad
زد - عطور إضافية2,عطور انفاسك,jq2gpu.zid.store
زد - شنط واكسسوارات,زهره الالكترونيات والأجهزة المنزلية,abwzhrh2.zid.store
زد - شنط واكسسوارات,متجر لوستر,taeabiraljamal.zid.store
زد - شنط واكسسوارات,متجر LKH,mtjrlkh.zid.store
زد - شنط واكسسوارات,wakad-ksa,qjvnfc.zid.store
زد - شنط واكسسوارات,Glamour by bero,glamourbybero.zid.store
زد - شنط واكسسوارات,متجر احذية وشنط,2uvmlr.zid.store
زد - رياضة إضافية2,نادي هجر,nadyhjr.zid.store
زد - مجوهرات إضافية2,فضيات رشات الفرح,rshatalfrh.zid.store
زد - مجوهرات إضافية2,لاريسا للذهب والمجوهرات,hnw3bs.zid.store
زد - مجوهرات إضافية2,Emerald Diamond,mjwhratmashalzmrd.zid.store
زد - مجوهرات إضافية2,THAMEEN Jewelry,thmynalthanylldhhbwalmjwhrat.zid.store
زد - مطبخ ومنزل إضافية2,مطبخ أم أحمد,9r9wt4.zid.store
عناية شخصية ومنزلية,متجر عناية ترف,salla.sa/taraf_n
عناية شخصية ومنزلية,متجر بلو Blue,salla.sa/twaig
عناية شخصية ومنزلية,أم تولين براند,salla.sa/mntgat-am-twlyen-llanayeh
عناية شخصية ومنزلية,Supreme care عناية سيارات,salla.sa/https-1-s7ab
عناية شخصية ومنزلية,mbs3 مستلزمات طبية,salla.sa/mbs3
أردن - أكل صحي ودايت,Eat Clean JO,eatcleanjo.com
أردن - أكل صحي ودايت,Tabib Store,tabib-jo.com
أردن - أكل صحي ودايت,Mighty Gainz,mightygainz.com
أردن - ديكور ومنزل,Dadsters DECOR,sooqdadsters.com/storesDetails/2732
أردن - متاجر إضافية,ALISAFEERA Shop انستغرام,instagram.com/alisafeera.shop
أردن - متاجر إضافية,Tooij اكسسوارات وساعات,tooij.com
أردن - متاجر إضافية,Markaty Shop انستغرام,instagram.com/markatyshop
أردن - متاجر إضافية,The Gifts Maker,thegiftsmaker.com
أردن - انستغرام عطور,Jordan Parfums,instagram.com/jordan.parfums
أردن - انستغرام عطور,عطور أوروبية الأردن,instagram.com/hr_perfumes.jo
أردن - انستغرام عطور,OTORAAT APP,instagram.com/otoraatapp
أردن - انستغرام عطور,U Perfumes Jordan,instagram.com/uperfumesjordan
